Workbook

Sheet bubble
A1: TAMAÑO | B1: TIEMPO (us) | C1: TIEMPO/f(n) | D1: TIEMPO TEORICO (Kpromedio) | E1: TIEMPO TEORICO (K max)
A2: 1000 | B2: 7829 | C2: =B2/(A2*A2) -> 0.007829 | D2: =$H$7*A2*A2 -> 8249.0584 | E2: =$H$9 * A2*A2 -> 8392.4215 | J2: =B2<=E2 -> TRUE
A3: 2000 | B3: 32195 | C3: =B3/(A3*A3) -> 0.00804875 | D3: =$H$7*A3*A3 -> 32996.234 | E3: =$H$9 * A3*A3 -> 33569.686 | J3: =B3<=E3 -> TRUE
A4: 3000 | B4: 72938 | C4: =B4/(A4*A4) -> 0.0081042222 | D4: =$H$7*A4*A4 -> 74241.526 | E4: =$H$9 * A4*A4 -> 75531.793 | J4: =B4<=E4 -> TRUE
A5: 4000 | B5: 131458 | C5: =B5/(A5*A5) -> 0.008216125 | D5: =$H$7*A5*A5 -> 131984.93 | E5: =$H$9 * A5*A5 -> 134278.74 | J5: =B5<=E5 -> TRUE
A6: 5000 | B6: 208664 | C6: =B6/(A6*A6) -> 0.00834656 | D6: =$H$7*A6*A6 -> 206226.46 | E6: =$H$9 * A6*A6 -> 209810.54 | J6: =B6<=E6 -> TRUE
A7: 6000 | B7: 297741 | C7: =B7/(A7*A7) -> 0.0082705833 | D7: =$H$7*A7*A7 -> 296966.1 | E7: =$H$9 * A7*A7 -> 302127.17 | G7: K promedio | H7: =AVERAGE(C2:C13) -> 0.0082490584 | J7: =B7<=E7 -> TRUE
A8: 7000 | B8: 407043 | C8: =B8/(A8*A8) -> 0.008307 | D8: =$H$7*A8*A8 -> 404203.86 | E8: =$H$9 * A8*A8 -> 411228.65 | J8: =B8<=E8 -> TRUE
A9: 8000 | B9: 535867 | C9: =B9/(A9*A9) -> 0.0083729219 | D9: =$H$7*A9*A9 -> 527939.74 | E9: =$H$9 * A9*A9 -> 537114.98 | G9: K elegida | H9: =MAX(C2:C13) -> 0.0083924215 | J9: =B9<=E9 -> TRUE
A10: 9000 | B10: 675606 | C10: =B10/(A10*A10) -> 0.0083408148 | D10: =$H$7*A10*A10 -> 668173.73 | E10: =$H$9 * A10*A10 -> 679786.14 | J10: =B10<=E10 -> TRUE
A11: 10000 | B11: 837917 | C11: =B11/(A11*A11) -> 0.00837917 | D11: =$H$7*A11*A11 -> 824905.84 | E11: =$H$9 * A11*A11 -> 839242.15 | J11: =B11<=E11 -> TRUE
A12: 11000 | B12: 1015483 | C12: =B12/(A12*A12) -> 0.0083924215 | D12: =$H$7*A12*A12 -> 998136.07 | E12: =$H$9 * A12*A12 -> 1015483 | J12: =B12<=E12 -> TRUE
A13: 12000 | B13: 1206883 | C13: =B13/(A13*A13) -> 0.0083811319 | D13: =$H$7*A13*A13 -> 1187864.4 | E13: =$H$9 * A13*A13 -> 1208508.7 | J13: =B13<=E13 -> TRUE

Sheet Hoja1
A1: 13000 | B1: 1422936 | C1: =B1/(A1*A1) -> 0.0084197396 | D1: =bubble!$H$7*A1*A1 -> 1394090.9
A2: 14000 | B2: 1649290 | C2: =B2/(A2*A2) -> 0.0084147449 | D2: =bubble!$H$7*A2*A2 -> 1616815.4
A3: 15000 | B3: 1898018 | C3: =B3/(A3*A3) -> 0.0084356356 | D3: =bubble!$H$7*A3*A3 -> 1856038.1
A4: 20000 | B4: 3350084 | C4: =B4/(A4*A4) -> 0.00837521 | D4: =bubble!$H$7*A4*A4 -> 3299623.4
A5: 25000 | B5: 5242753 | C5: =B5/(A5*A5) -> 0.0083884048 | D5: =bubble!$H$7*A5*A5 -> 5155661.5
A6: 30000 | B6: 7532748 | C6: =B6/(A6*A6) -> 0.00836972 | D6: =bubble!$H$7*A6*A6 -> 7424152.6
A7: 35000 | B7: 10266937 | C7: =B7/(A7*A7) -> 0.0083811731 | D7: =bubble!$H$7*A7*A7 -> 10105097

Sheet merge
A1: TAMAÑO | B1: TIEMPO (us) | C1: TIEMPO/f(n) | D1: TIEMPO TEORICO
A2: 1000 | B2: 582 | C2: =B2/(A2*LOG(A2)) -> 0.194 | D2: =$G$7*A2*LOG(A2) -> 494.38277 | I2: =B2<D2 -> FALSE
A3: 2000 | B3: 1186 | C3: =B3/(A3*LOG(A3)) -> 0.1796409 | D3: =$G$7*A3*LOG(A3) -> 1087.9816 | I3: =B3<D3 -> FALSE
A4: 3000 | B4: 1830 | C4: =B4/(A4*LOG(A4)) -> 0.17543248 | D4: =$G$7*A4*LOG(A4) -> 1719.0288 | I4: =B4<D4 -> FALSE
A5: 4000 | B5: 2508 | C5: =B5/(A5*LOG(A5)) -> 0.17406706 | D5: =$G$7*A5*LOG(A5) -> 2374.3952 | I5: =B5<D5 -> FALSE
A6: 5000 | B6: 3152 | C6: =B6/(A6*LOG(A6)) -> 0.17042582 | D6: =$G$7*A6*LOG(A6) -> 3047.8451 | I6: =B6<D6 -> FALSE
A7: 6000 | B7: 3807 | C7: =B7/(A7*LOG(A7)) -> 0.16793928 | D7: =$G$7*A7*LOG(A7) -> 3735.7058 | F7: K promedio | G7: =AVERAGE(C2:C20) -> 0.16479426 | I7: =B7<D7 -> FALSE
A8: 7000 | B8: 4512 | C8: =B8/(A8*LOG(A8)) -> 0.16763459 | D8: =$G$7*A8*LOG(A8) -> 4435.5505 | I8: =B8<D8 -> FALSE
A9: 8000 | B9: 5112 | C9: =B9/(A9*LOG(A9)) -> 0.16371644 | D9: =$G$7*A9*LOG(A9) -> 5145.6545 | I9: =B9<D9 -> TRUE
A10: 9000 | B10: 5758 | C10: =B10/(A10*LOG(A10)) -> 0.16179528 | D10: =$G$7*A10*LOG(A10) -> 5864.7281 | I10: =B10<D10 -> TRUE
A11: 10000 | B11: 6433 | C11: =B11/(A11*LOG(A11)) -> 0.160825 | D11: =$G$7*A11*LOG(A11) -> 6591.7703 | I11: =B11<D11 -> TRUE
A12: 11000 | B12: 7378 | C12: =B12/(A12*LOG(A12)) -> 0.16596439 | D12: =$G$7*A12*LOG(A12) -> 7325.9813 | I12: =B12<D12 -> FALSE
A13: 12000 | B13: 7822 | C13: =B13/(A13*LOG(A13)) -> 0.15979514 | D13: =$G$7*A13*LOG(A13) -> 8066.7077 | I13: =B13<D13 -> TRUE
A14: 13000 | B14: 8500 | C14: =B14/(A14*LOG(A14)) -> 0.15893417 | D14: =$G$7*A14*LOG(A14) -> 8813.4051 | I14: =B14<D14 -> TRUE
A15: 14000 | B15: 9215 | C15: =B15/(A15*LOG(A15)) -> 0.15875397 | D15: =$G$7*A15*LOG(A15) -> 9565.6132 | I15: =B15<D15 -> TRUE
A16: 15000 | B16: 10029 | C16: =B16/(A16*LOG(A16)) -> 0.16010187 | D16: =$G$7*A16*LOG(A16) -> 10322.938 | I16: =B16<D16 -> TRUE
A17: 20000 | B17: 13713 | C17: =B17/(A17*LOG(A17)) -> 0.1594153 | D17: =$G$7*A17*LOG(A17) -> 14175.701 | I17: =B17<D17 -> TRUE
A18: 25000 | B18: 16864 | C18: =B18/(A18*LOG(A18)) -> 0.1533809 | D18: =$G$7*A18*LOG(A18) -> 18118.881 | I18: =B18<D18 -> TRUE
A19: 30000 | B19: 20283 | C19: =B19/(A19*LOG(A19)) -> 0.15101222 | D19: =$G$7*A19*LOG(A19) -> 22134.116 | I19: =B19<D19 -> TRUE
A20: 35000 | B20: 23579 | C20: =B20/(A20*LOG(A20)) -> 0.14825608 | D20: =$G$7*A20*LOG(A20) -> 26209.271 | I20: =B20<D20 -> TRUE

Sheet quick
A1: TAMAÑO | B1: TIEMPO (us) | C1: TIEMPO/f(n) | D1: TIEMPO TEORICO
A2: 50000 | B2: 33996 | C2: =B2/(A2*LOG(A2)) -> 0.14469554 | D2: =$G$7*A2*LOG(A2) -> 996192.01 | I2: =B2<D2 -> TRUE
A3: 100000 | B3: 111341 | C3: =B3/(A3*LOG(A3)) -> 0.222682 | D3: =$G$7*A3*LOG(A3) -> 2120022.1 | I3: =B3<D3 -> TRUE
A4: 150000 | B4: 230035 | C4: =B4/(A4*LOG(A4)) -> 0.29627891 | D4: =$G$7*A4*LOG(A4) -> 3292028.3 | I4: =B4<D4 -> TRUE
A5: 200000 | B5: 390238 | C5: =B5/(A5*LOG(A5)) -> 0.36807752 | D5: =$G$7*A5*LOG(A5) -> 4495320.2 | I5: =B5<D5 -> TRUE
A6: 250000 | B6: 594154 | C6: =B6/(A6*LOG(A6)) -> 0.44028203 | D6: =$G$7*A6*LOG(A6) -> 5721876 | I6: =B6<D6 -> TRUE
A7: 300000 | B7: 846056 | C7: =B7/(A7*LOG(A7)) -> 0.51490309 | D7: =$G$7*A7*LOG(A7) -> 6966970.8 | F7: K promedio | G7: =AVERAGE(C2:C128) -> 4.2400441 | I7: =B7<D7 -> TRUE
A8: 350000 | B8: 1134234 | C8: =B8/(A8*LOG(A8)) -> 0.584529 | D8: =$G$7*A8*LOG(A8) -> 8227482.6 | I8: =B8<D8 -> TRUE
A9: 400000 | B9: 1467478 | C9: =B9/(A9*LOG(A9)) -> 0.6548832 | D9: =$G$7*A9*LOG(A9) -> 9501192.7 | I9: =B9<D9 -> TRUE
A10: 450000 | B10: 1836199 | C10: =B10/(A10*LOG(A10)) -> 0.72179176 | D10: =$G$7*A10*LOG(A10) -> 10786442 | I10: =B10<D10 -> TRUE
A11: 500000 | B11: 2261122 | C11: =B11/(A11*LOG(A11)) -> 0.79351953 | D11: =$G$7*A11*LOG(A11) -> 12081942 | I11: =B11<D11 -> TRUE
A12: 550000 | B12: 2719953 | C12: =B12/(A12*LOG(A12)) -> 0.86150812 | D12: =$G$7*A12*LOG(A12) -> 13386665 | I12: =B12<D12 -> TRUE
A13: 600000 | B13: 3233934 | C13: =B13/(A13*LOG(A13)) -> 0.93280528 | D13: =$G$7*A13*LOG(A13) -> 14699770 | I13: =B13<D13 -> TRUE
A14: 650000 | B14: 3777360 | C14: =B14/(A14*LOG(A14)) -> 0.99972642 | D14: =$G$7*A14*LOG(A14) -> 16020556 | I14: =B14<D14 -> TRUE
A15: 700000 | B15: 4368078 | C15: =B15/(A15*LOG(A15)) -> 1.0675803 | D15: =$G$7*A15*LOG(A15) -> 17348432 | I15: =B15<D15 -> TRUE
A16: 750000 | B16: 4996087 | C16: =B16/(A16*LOG(A16)) -> 1.1338519 | D16: =$G$7*A16*LOG(A16) -> 18682889 | I16: =B16<D16 -> TRUE
A17: 800000 | B17: 5676758 | C17: =B17/(A17*LOG(A17)) -> 1.2020734 | D17: =$G$7*A17*LOG(A17) -> 20023490 | I17: =B17<D17 -> TRUE
A18: 850000 | B18: 6377711 | C18: =B18/(A18*LOG(A18)) -> 1.2654173 | D18: =$G$7*A18*LOG(A18) -> 21369848 | I18: =B18<D18 -> TRUE
A19: 900000 | B19: 7151157 | C19: =B19/(A19*LOG(A19)) -> 1.3344653 | D19: =$G$7*A19*LOG(A19) -> 22721626 | I19: =B19<D19 -> TRUE
... A128: 6350000 | B128: 349843753 | C128: =B128/(A128*LOG(A128)) -> 8.0986825 | D128: =$G$7*A128*LOG(A128) -> 1.8315979e+08 | I128: =B128<D128 -> 0
